"Day","Beef","Pork","Turkey","Beef.Calories","Pork.Calories","Turkey.Calories","Beef.Fat","Pork.Fat","Turkey.Fat","Beef.Sodium","Pork.Sodium","Turkey.Sodium","Total","Total.Calories","Total.Fat","Total.Sodium"
"Mon",17,12,13,3597.95767563935,2373.37922828661,1957.11084944947,174.363899992922,218.739472804962,99.9763106662325,10807.4143442503,7590.58512436033,10345.740669163,42,7928.44775337544,493.079683464117,28743.7401377736
"Tue",18,7,5,3971.29240749047,1373.35492473189,745.85345474063,266.730854557417,114.594957809255,70.7471927344915,13161.6804641424,4334.90956951074,4119.06733774162,30,6090.500786963,452.073005101164,21615.6573713948
"Wed",11,10,6,1978.00427237773,2141.15024323704,727.452833532728,184.718000171794,222.365432427511,57.2223487141328,7573.51482777552,6085.41008784206,4674.4145934772,27,4846.6073491475,464.305781313438,18333.3395090948
"Thu",10,11,5,2006.91342145904,1990.68723892236,580.904784785337,163.489062365764,235.413005235861,48.0707395680183,6829.58758265118,6307.15236536369,4191.48803623206,26,4578.50544516673,446.972807169644,17328.2279842469
"Fri",12,9,18,2494.10004004369,1849.1611886656,2293.82712868611,230.436373846576,170.189730488899,247.015875442165,7926.07846430101,5604.87881691,14620.3307817234,39,6637.08835739541,647.64197977764,28151.2880629344
"Sat",5,3,19,934.607750551337,710.132948884203,2943.22031386887,80.9223507342042,44.4109968862446,186.25373277778,3152.86200872332,1633.10672929352,15177.0050001936,27,4587.96101330441,311.587080398229,19962.9737382105
"Sun",3,7,6,493.53710623068,1558.94148891409,931.109392057552,46.525072285261,93.7551694352817,47.5405722278335,1995.6890605035,4404.06053091451,5302.86699261979,16,2983.58798720232,187.820813948376,11702.6165840378
